,Cisplatin,Dabrafenib,Entinostat,Gefitinib,I-BET-762,Ibrutinib,JQ1,Tamoxifen,Trametinib
DATA.683665,resistant,resistant,sensitive,resistant,sensitive,resistant,resistant,resistant,resistant
DATA.683667,resistant,resistant,sensitive,resistant,resistant,resistant,resistant,sensitive,resistant
DATA.684052,sensitive,resistant,resistant,resistant,resistant,resistant,resistant,resistant,resistant
DATA.684057,resistant,resistant,sensitive,resistant,resistant,resistant,resistant,resistant,resistant
DATA.684059,sensitive,resistant,sensitive,resistant,resistant,resistant,resistant,sensitive,resistant
DATA.684062,sensitive,resistant,sensitive,resistant,resistant,resistant,resistant,sensitive,resistant
DATA.684072,sensitive,sensitive,sensitive,resistant,resistant,resistant,resistant,resistant,resistant
DATA.687448,resistant,resistant,sensitive,resistant,resistant,resistant,resistant,sensitive,sensitive
DATA.687452,resistant,resistant,sensitive,sensitive,resistant,resistant,resistant,resistant,resistant
DATA.687455,resistant,resistant,resistant,resistant,resistant,resistant,resistant,resistant,resistant
DATA.687457,resistant,resistant,resistant,resistant,resistant,resistant,resistant,resistant,resistant
DATA.687459,resistant,resistant,sensitive,resistant,resistant,resistant,resistant,resistant,resistant
DATA.687505,resistant,resistant,resistant,resistant,resistant,resistant,resistant,sensitive,resistant
DATA.687506,resistant,resistant,resistant,resistant,resistant,resistant,resistant,resistant,resistant
DATA.687514,resistant,resistant,resistant,sensitive,resistant,resistant,resistant,sensitive,resistant
DATA.687561,resistant,resistant,sensitive,resistant,resistant,resistant,resistant,resistant,resistant
DATA.687562,resistant,resistant,resistant,resistant,resistant,resistant,resistant,sensitive,resistant
DATA.687563,resistant,resistant,sensitive,resistant,resistant,resistant,resistant,sensitive,resistant
DATA.687568,sensitive,resistant,resistant,resistant,resistant,resistant,resistant,sensitive,resistant
DATA.687586,resistant,resistant,resistant,resistant,resistant,resistant,resistant,resistant,resistant
DATA.687588,resistant,resistant,resistant,resistant,resistant,resistant,resistant,sensitive,resistant
DATA.687590,resistant,resistant,resistant,resistant,resistant,resistant,resistant,resistant,resistant
DATA.687600,resistant,resistant,resistant,resistant,resistant,resistant,resistant,sensitive,resistant
DATA.687777,resistant,resistant,sensitive,resistant,resistant,sensitive,resistant,sensitive,resistant
DATA.687780,sensitive,resistant,sensitive,resistant,resistant,resistant,resistant,sensitive,resistant
DATA.687787,resistant,resistant,resistant,resistant,resistant,resistant,resistant,resistant,resistant
DATA.687798,resistant,resistant,sensitive,sensitive,resistant,sensitive,resistant,sensitive,resistant
DATA.687799,resistant,resistant,resistant,sensitive,resistant,resistant,resistant,sensitive,sensitive
DATA.687800,resistant,resistant,resistant,sensitive,resistant,resistant,resistant,sensitive,resistant
DATA.687802,resistant,resistant,resistant,sensitive,resistant,resistant,resistant,sensitive,resistant
DATA.687807,resistant,resistant,resistant,sensitive,resistant,resistant,resistant,resistant,resistant
DATA.687812,resistant,resistant,resistant,resistant,resistant,resistant,resistant,resistant,resistant
DATA.687815,sensitive,resistant,sensitive,sensitive,resistant,sensitive,resistant,resistant,resistant
DATA.687816,resistant,resistant,sensitive,resistant,resistant,resistant,resistant,resistant,resistant
DATA.687819,resistant,resistant,resistant,resistant,resistant,resistant,resistant,sensitive,resistant
DATA.687820,resistant,resistant,resistant,resistant,resistant,resistant,resistant,resistant,resistant
DATA.687821,resistant,resistant,resistant,resistant,resistant,resistant,resistant,sensitive,sensitive
DATA.687829,resistant,resistant,resistant,resistant,resistant,resistant,resistant,sensitive,resistant
DATA.687980,sensitive,resistant,sensitive,resistant,resistant,sensitive,resistant,resistant,resistant
DATA.687983,resistant,resistant,resistant,resistant,resistant,resistant,resistant,sensitive,resistant
DATA.687985,resistant,resistant,resistant,resistant,resistant,resistant,resistant,sensitive,resistant
DATA.687995,resistant,resistant,resistant,resistant,resistant,resistant,resistant,sensitive,resistant
DATA.687997,resistant,resistant,sensitive,resistant,resistant,resistant,resistant,resistant,resistant
DATA.688001,sensitive,sensitive,sensitive,resistant,sensitive,resistant,resistant,sensitive,sensitive
DATA.688006,resistant,resistant,sensitive,resistant,resistant,resistant,resistant,sensitive,resistant
DATA.688010,sensitive,resistant,sensitive,resistant,resistant,sensitive,resistant,sensitive,resistant
DATA.688011,resistant,resistant,sensitive,resistant,resistant,resistant,resistant,resistant,resistant
DATA.688013,sensitive,resistant,sensitive,resistant,resistant,resistant,resistant,sensitive,resistant
DATA.688014,resistant,resistant,resistant,resistant,resistant,resistant,resistant,resistant,resistant
DATA.688018,resistant,resistant,sensitive,resistant,resistant,resistant,resistant,resistant,resistant
DATA.688021,resistant,resistant,sensitive,resistant,resistant,resistant,resistant,resistant,resistant
DATA.688023,resistant,resistant,sensitive,resistant,sensitive,resistant,resistant,resistant,resistant
DATA.688025,sensitive,resistant,sensitive,resistant,sensitive,resistant,resistant,resistant,resistant
DATA.688026,resistant,resistant,resistant,resistant,resistant,resistant,resistant,sensitive,resistant
DATA.688027,resistant,resistant,resistant,resistant,resistant,resistant,resistant,sensitive,resistant
DATA.688031,resistant,resistant,sensitive,resistant,resistant,resistant,resistant,resistant,resistant
DATA.688058,resistant,resistant,resistant,resistant,resistant,resistant,resistant,sensitive,resistant
DATA.688086,resistant,resistant,sensitive,resistant,resistant,resistant,resistant,sensitive,resistant
DATA.688087,resistant,resistant,resistant,resistant,resistant,resistant,resistant,resistant,resistant
DATA.688121,sensitive,resistant,resistant,resistant,resistant,resistant,resistant,resistant,resistant
DATA.713869,resistant,resistant,sensitive,resistant,resistant,resistant,resistant,resistant,resistant
DATA.713878,resistant,resistant,sensitive,resistant,resistant,resistant,resistant,resistant,resistant
DATA.713880,resistant,resistant,resistant,resistant,resistant,resistant,resistant,sensitive,resistant
DATA.713899,resistant,resistant,sensitive,resistant,resistant,resistant,resistant,resistant,resistant
DATA.717431,resistant,resistant,resistant,resistant,resistant,resistant,resistant,sensitive,resistant
DATA.722046,resistant,resistant,sensitive,resistant,resistant,resistant,resistant,resistant,sensitive
DATA.722066,resistant,resistant,resistant,resistant,resistant,resistant,resistant,resistant,resistant
DATA.724825,resistant,resistant,sensitive,resistant,sensitive,resistant,resistant,resistant,sensitive
DATA.724828,resistant,resistant,sensitive,resistant,resistant,resistant,resistant,resistant,sensitive
DATA.724831,resistant,resistant,resistant,resistant,resistant,resistant,resistant,resistant,resistant
DATA.724834,resistant,resistant,resistant,resistant,resistant,resistant,resistant,resistant,sensitive
DATA.724838,resistant,resistant,resistant,resistant,resistant,resistant,resistant,resistant,resistant
DATA.724839,resistant,resistant,resistant,resistant,resistant,resistant,resistant,resistant,resistant
DATA.724855,resistant,resistant,resistant,resistant,resistant,resistant,resistant,sensitive,sensitive
DATA.724859,resistant,resistant,resistant,resistant,resistant,resistant,resistant,resistant,sensitive
DATA.724863,resistant,resistant,resistant,sensitive,resistant,resistant,resistant,resistant,sensitive
DATA.724866,resistant,resistant,resistant,resistant,resistant,resistant,resistant,resistant,resistant
DATA.724868,resistant,resistant,sensitive,resistant,resistant,resistant,resistant,resistant,sensitive
DATA.724869,resistant,resistant,resistant,resistant,resistant,resistant,resistant,resistant,sensitive
DATA.724870,resistant,resistant,sensitive,resistant,resistant,resistant,resistant,resistant,resistant
DATA.724872,resistant,resistant,sensitive,resistant,resistant,resistant,resistant,sensitive,resistant
DATA.724873,resistant,resistant,resistant,resistant,resistant,resistant,resistant,resistant,sensitive
DATA.724878,resistant,resistant,sensitive,resistant,resistant,resistant,resistant,resistant,resistant
DATA.724879,resistant,resistant,resistant,resistant,resistant,resistant,resistant,resistant,sensitive
DATA.735784,resistant,resistant,resistant,resistant,resistant,resistant,resistant,resistant,resistant
DATA.749709,resistant,resistant,resistant,resistant,resistant,sensitive,resistant,resistant,resistant
DATA.749710,resistant,resistant,sensitive,resistant,resistant,resistant,sensitive,sensitive,resistant
DATA.749711,resistant,resistant,resistant,resistant,resistant,resistant,sensitive,resistant,resistant
DATA.749712,resistant,resistant,resistant,resistant,resistant,resistant,sensitive,sensitive,resistant
DATA.749713,resistant,resistant,sensitive,resistant,resistant,resistant,sensitive,resistant,resistant
DATA.749714,resistant,resistant,resistant,resistant,resistant,resistant,sensitive,resistant,resistant
DATA.749715,resistant,resistant,sensitive,sensitive,sensitive,sensitive,sensitive,sensitive,resistant
DATA.749716,resistant,resistant,resistant,resistant,resistant,resistant,sensitive,resistant,resistant
DATA.749717,resistant,resistant,resistant,resistant,resistant,resistant,sensitive,resistant,resistant
DATA.753532,resistant,resistant,resistant,resistant,resistant,resistant,resistant,sensitive,sensitive
DATA.753538,resistant,resistant,resistant,sensitive,resistant,resistant,resistant,sensitive,resistant
DATA.753539,sensitive,resistant,sensitive,resistant,resistant,resistant,resistant,resistant,resistant
DATA.753541,resistant,resistant,resistant,sensitive,resistant,sensitive,resistant,sensitive,resistant
DATA.753546,resistant,resistant,resistant,resistant,resistant,resistant,resistant,resistant,resistant
DATA.753547,resistant,resistant,sensitive,resistant,resistant,resistant,resistant,resistant,resistant
DATA.753548,resistant,resistant,sensitive,resistant,resistant,sensitive,resistant,resistant,resistant
DATA.753551,resistant,resistant,sensitive,resistant,resistant,resistant,resistant,resistant,resistant
DATA.753552,resistant,resistant,resistant,sensitive,resistant,sensitive,resistant,sensitive,resistant
DATA.753554,resistant,resistant,sensitive,resistant,resistant,resistant,resistant,sensitive,sensitive
DATA.753555,resistant,resistant,sensitive,sensitive,resistant,sensitive,resistant,resistant,resistant
DATA.753556,resistant,resistant,sensitive,sensitive,sensitive,resistant,resistant,resistant,resistant
DATA.753558,resistant,resistant,resistant,resistant,resistant,resistant,resistant,resistant,resistant
DATA.753561,resistant,resistant,resistant,sensitive,resistant,resistant,resistant,sensitive,resistant
DATA.753562,resistant,resistant,resistant,resistant,resistant,sensitive,resistant,sensitive,resistant
DATA.753563,sensitive,sensitive,sensitive,resistant,resistant,resistant,resistant,resistant,sensitive
DATA.753565,resistant,resistant,sensitive,resistant,sensitive,resistant,resistant,sensitive,resistant
DATA.753566,resistant,resistant,resistant,resistant,resistant,resistant,resistant,resistant,resistant
DATA.753569,resistant,resistant,resistant,resistant,resistant,resistant,resistant,sensitive,resistant
DATA.753572,resistant,resistant,resistant,resistant,resistant,resistant,resistant,resistant,resistant
DATA.753573,sensitive,resistant,resistant,sensitive,sensitive,sensitive,resistant,resistant,resistant
DATA.753574,resistant,resistant,sensitive,sensitive,resistant,sensitive,resistant,sensitive,resistant
DATA.753575,resistant,resistant,resistant,sensitive,resistant,sensitive,resistant,sensitive,resistant
DATA.753576,resistant,resistant,resistant,resistant,resistant,resistant,resistant,sensitive,resistant
DATA.753583,resistant,resistant,resistant,resistant,resistant,resistant,resistant,sensitive,resistant
DATA.753584,resistant,resistant,resistant,resistant,resistant,resistant,resistant,resistant,resistant
DATA.753585,sensitive,resistant,sensitive,sensitive,resistant,sensitive,resistant,sensitive,resistant
DATA.753586,resistant,resistant,sensitive,resistant,resistant,resistant,resistant,resistant,resistant
DATA.753589,resistant,resistant,resistant,resistant,resistant,resistant,resistant,resistant,resistant
DATA.753592,resistant,resistant,resistant,resistant,resistant,resistant,resistant,sensitive,resistant
DATA.753594,resistant,resistant,sensitive,resistant,sensitive,resistant,resistant,resistant,resistant
DATA.753600,resistant,resistant,resistant,resistant,resistant,resistant,resistant,sensitive,resistant
DATA.753607,resistant,resistant,resistant,resistant,resistant,resistant,resistant,sensitive,resistant
DATA.753608,resistant,resistant,sensitive,sensitive,resistant,sensitive,resistant,resistant,resistant
DATA.753610,sensitive,resistant,sensitive,resistant,sensitive,resistant,resistant,resistant,resistant
DATA.753612,resistant,resistant,sensitive,resistant,resistant,resistant,resistant,sensitive,resistant
DATA.753614,resistant,resistant,resistant,resistant,resistant,sensitive,resistant,resistant,resistant
DATA.753615,resistant,sensitive,sensitive,resistant,resistant,resistant,resistant,resistant,sensitive
DATA.753616,resistant,resistant,sensitive,resistant,resistant,resistant,resistant,resistant,sensitive
DATA.753618,resistant,resistant,sensitive,resistant,resistant,resistant,resistant,resistant,resistant
DATA.753620,sensitive,resistant,sensitive,resistant,resistant,resistant,resistant,sensitive,resistant
DATA.753621,resistant,resistant,sensitive,sensitive,resistant,resistant,resistant,sensitive,resistant
DATA.753623,resistant,resistant,sensitive,resistant,resistant,resistant,resistant,sensitive,resistant
DATA.753624,resistant,resistant,resistant,resistant,resistant,resistant,resistant,sensitive,sensitive
DATA.905933,resistant,resistant,resistant,resistant,resistant,resistant,resistant,resistant,resistant
DATA.905934,resistant,resistant,resistant,resistant,resistant,resistant,resistant,resistant,resistant
DATA.905935,resistant,resistant,resistant,resistant,resistant,resistant,resistant,resistant,resistant
DATA.905936,resistant,resistant,sensitive,resistant,resistant,resistant,resistant,resistant,sensitive
DATA.905937,resistant,resistant,resistant,resistant,resistant,resistant,resistant,sensitive,resistant
DATA.905938,sensitive,resistant,sensitive,resistant,sensitive,resistant,resistant,sensitive,sensitive
DATA.905939,resistant,sensitive,sensitive,resistant,sensitive,resistant,resistant,sensitive,sensitive
DATA.905940,resistant,resistant,resistant,resistant,resistant,resistant,resistant,sensitive,resistant
DATA.905941,resistant,resistant,resistant,resistant,resistant,resistant,resistant,sensitive,resistant
DATA.905942,resistant,resistant,resistant,resistant,resistant,resistant,resistant,resistant,resistant
DATA.905944,resistant,resistant,sensitive,resistant,resistant,resistant,resistant,resistant,resistant
DATA.905945,resistant,resistant,resistant,resistant,resistant,resistant,sensitive,sensitive,resistant
DATA.905946,resistant,resistant,resistant,resistant,resistant,resistant,sensitive,sensitive,resistant
DATA.905947,sensitive,resistant,resistant,resistant,resistant,resistant,resistant,sensitive,resistant
DATA.905948,resistant,resistant,resistant,resistant,resistant,resistant,resistant,sensitive,resistant
DATA.905949,resistant,resistant,sensitive,resistant,resistant,resistant,resistant,sensitive,sensitive
DATA.905950,resistant,resistant,resistant,sensitive,resistant,sensitive,resistant,sensitive,resistant
DATA.905951,resistant,resistant,sensitive,resistant,sensitive,resistant,sensitive,resistant,resistant
DATA.905952,resistant,resistant,sensitive,resistant,resistant,resistant,resistant,resistant,resistant
DATA.905955,resistant,resistant,sensitive,resistant,resistant,resistant,resistant,resistant,sensitive
DATA.905956,resistant,resistant,sensitive,resistant,resistant,resistant,resistant,resistant,resistant
DATA.905957,resistant,resistant,sensitive,resistant,sensitive,resistant,sensitive,sensitive,resistant
DATA.905958,sensitive,resistant,resistant,resistant,resistant,resistant,resistant,resistant,resistant
DATA.905959,resistant,resistant,resistant,sensitive,resistant,resistant,resistant,sensitive,resistant
DATA.905960,resistant,resistant,sensitive,resistant,resistant,resistant,sensitive,resistant,resistant
DATA.905961,resistant,sensitive,sensitive,resistant,resistant,resistant,resistant,sensitive,sensitive
DATA.905962,resistant,resistant,sensitive,resistant,resistant,resistant,resistant,resistant,sensitive
DATA.905964,resistant,resistant,sensitive,resistant,sensitive,resistant,resistant,sensitive,resistant
DATA.905965,sensitive,resistant,sensitive,resistant,sensitive,resistant,resistant,sensitive,resistant
DATA.905967,resistant,resistant,resistant,sensitive,resistant,sensitive,resistant,sensitive,sensitive
DATA.905968,resistant,resistant,sensitive,sensitive,resistant,sensitive,resistant,sensitive,sensitive
DATA.905969,resistant,resistant,sensitive,resistant,sensitive,resistant,resistant,resistant,sensitive
DATA.905970,resistant,resistant,resistant,resistant,resistant,sensitive,resistant,resistant,resistant
DATA.905971,resistant,resistant,sensitive,resistant,resistant,resistant,resistant,sensitive,sensitive
DATA.905972,resistant,resistant,resistant,resistant,resistant,resistant,resistant,resistant,resistant
DATA.905973,resistant,resistant,sensitive,resistant,resistant,resistant,resistant,resistant,resistant
DATA.905974,resistant,sensitive,sensitive,resistant,sensitive,resistant,resistant,sensitive,sensitive
DATA.905975,resistant,sensitive,sensitive,resistant,resistant,resistant,resistant,sensitive,sensitive
DATA.905976,resistant,sensitive,resistant,resistant,resistant,resistant,resistant,resistant,sensitive
DATA.905977,resistant,sensitive,sensitive,resistant,resistant,resistant,resistant,sensitive,sensitive
DATA.905978,resistant,resistant,resistant,resistant,resistant,resistant,resistant,resistant,resistant
DATA.905979,resistant,resistant,resistant,resistant,resistant,resistant,resistant,resistant,resistant
DATA.905980,resistant,resistant,resistant,resistant,sensitive,sensitive,resistant,resistant,resistant
DATA.905983,resistant,resistant,resistant,resistant,resistant,resistant,resistant,sensitive,resistant
DATA.905984,resistant,resistant,resistant,resistant,resistant,resistant,resistant,resistant,resistant
DATA.905986,resistant,resistant,sensitive,resistant,resistant,resistant,resistant,resistant,resistant
DATA.905989,resistant,resistant,sensitive,resistant,resistant,resistant,resistant,sensitive,sensitive
DATA.905990,resistant,resistant,resistant,resistant,resistant,resistant,resistant,resistant,resistant
DATA.905991,resistant,resistant,sensitive,resistant,resistant,resistant,resistant,resistant,resistant
DATA.906693,resistant,resistant,resistant,resistant,resistant,resistant,resistant,resistant,resistant
DATA.906696,resistant,sensitive,sensitive,resistant,sensitive,resistant,resistant,sensitive,sensitive
DATA.906746,resistant,resistant,resistant,resistant,resistant,resistant,resistant,resistant,resistant
DATA.906763,resistant,sensitive,sensitive,resistant,resistant,resistant,resistant,sensitive,resistant
DATA.906765,sensitive,resistant,sensitive,resistant,resistant,resistant,resistant,sensitive,resistant
DATA.906790,resistant,resistant,sensitive,resistant,resistant,resistant,resistant,sensitive,sensitive
DATA.906791,resistant,resistant,resistant,resistant,resistant,resistant,resistant,resistant,resistant
DATA.906792,resistant,resistant,sensitive,resistant,resistant,resistant,resistant,sensitive,resistant
DATA.906793,resistant,sensitive,sensitive,resistant,resistant,resistant,resistant,sensitive,sensitive
DATA.906794,resistant,resistant,resistant,resistant,resistant,resistant,resistant,resistant,resistant
DATA.906795,resistant,sensitive,resistant,resistant,resistant,resistant,resistant,sensitive,resistant
DATA.906797,sensitive,resistant,resistant,resistant,resistant,resistant,resistant,resistant,resistant
DATA.906798,sensitive,resistant,resistant,resistant,resistant,resistant,resistant,sensitive,resistant
DATA.906800,sensitive,sensitive,sensitive,resistant,sensitive,resistant,resistant,resistant,resistant
DATA.906801,resistant,resistant,resistant,resistant,resistant,resistant,sensitive,resistant,resistant
DATA.906804,resistant,resistant,sensitive,sensitive,sensitive,resistant,resistant,sensitive,sensitive
DATA.906805,resistant,resistant,resistant,sensitive,sensitive,sensitive,resistant,sensitive,sensitive
DATA.906808,resistant,resistant,resistant,resistant,resistant,resistant,resistant,sensitive,resistant
DATA.906812,resistant,resistant,sensitive,resistant,resistant,resistant,sensitive,sensitive,resistant
DATA.906814,resistant,resistant,sensitive,resistant,resistant,resistant,resistant,sensitive,sensitive
DATA.906817,resistant,resistant,resistant,resistant,resistant,resistant,resistant,resistant,resistant
DATA.906818,resistant,sensitive,resistant,resistant,resistant,resistant,resistant,resistant,sensitive
DATA.906820,resistant,resistant,sensitive,resistant,sensitive,resistant,resistant,sensitive,sensitive
DATA.906821,resistant,resistant,sensitive,sensitive,resistant,resistant,resistant,sensitive,resistant
DATA.906824,resistant,resistant,resistant,sensitive,resistant,resistant,resistant,sensitive,resistant
DATA.906826,resistant,resistant,resistant,resistant,resistant,resistant,sensitive,resistant,resistant
DATA.906827,resistant,resistant,resistant,resistant,resistant,resistant,resistant,sensitive,resistant
DATA.906828,resistant,resistant,resistant,resistant,sensitive,resistant,resistant,sensitive,resistant
DATA.906830,resistant,sensitive,resistant,resistant,resistant,resistant,resistant,resistant,sensitive
DATA.906831,resistant,resistant,sensitive,resistant,sensitive,resistant,resistant,resistant,resistant
DATA.906832,resistant,resistant,sensitive,sensitive,sensitive,resistant,resistant,sensitive,resistant
DATA.906833,sensitive,resistant,sensitive,resistant,resistant,resistant,resistant,resistant,resistant
DATA.906834,sensitive,resistant,sensitive,resistant,sensitive,resistant,resistant,sensitive,resistant
DATA.906835,resistant,sensitive,resistant,resistant,resistant,resistant,resistant,sensitive,resistant
DATA.906836,sensitive,resistant,sensitive,resistant,sensitive,resistant,resistant,sensitive,resistant
DATA.906837,resistant,resistant,sensitive,resistant,resistant,resistant,resistant,sensitive,resistant
DATA.906838,resistant,resistant,sensitive,resistant,sensitive,resistant,resistant,sensitive,resistant
DATA.906839,resistant,resistant,sensitive,resistant,resistant,resistant,resistant,sensitive,resistant
DATA.906842,resistant,resistant,sensitive,resistant,sensitive,sensitive,resistant,resistant,resistant
DATA.906843,resistant,resistant,sensitive,resistant,sensitive,sensitive,resistant,sensitive,resistant
DATA.906844,resistant,sensitive,sensitive,resistant,resistant,resistant,sensitive,sensitive,sensitive
DATA.906846,sensitive,resistant,sensitive,resistant,resistant,sensitive,resistant,sensitive,resistant
DATA.906847,resistant,resistant,sensitive,resistant,sensitive,resistant,resistant,sensitive,resistant
DATA.906848,resistant,resistant,sensitive,resistant,resistant,resistant,resistant,resistant,resistant
DATA.906851,resistant,resistant,resistant,resistant,resistant,resistant,sensitive,resistant,resistant
DATA.906852,resistant,resistant,resistant,resistant,resistant,resistant,resistant,resistant,resistant
DATA.906853,resistant,resistant,resistant,resistant,resistant,resistant,resistant,sensitive,resistant
DATA.906855,resistant,resistant,sensitive,resistant,sensitive,resistant,resistant,resistant,sensitive
DATA.906856,resistant,resistant,sensitive,resistant,sensitive,sensitive,resistant,sensitive,sensitive
DATA.906861,resistant,resistant,resistant,sensitive,resistant,resistant,resistant,sensitive,resistant
DATA.906862,resistant,resistant,sensitive,resistant,sensitive,resistant,sensitive,sensitive,resistant
DATA.906863,resistant,resistant,resistant,sensitive,resistant,sensitive,resistant,sensitive,resistant
DATA.906864,sensitive,resistant,sensitive,resistant,resistant,resistant,resistant,sensitive,resistant
DATA.906865,resistant,sensitive,sensitive,resistant,resistant,resistant,resistant,sensitive,sensitive
DATA.906868,resistant,resistant,resistant,resistant,resistant,resistant,resistant,resistant,resistant
DATA.906869,resistant,resistant,resistant,sensitive,resistant,sensitive,resistant,resistant,resistant
DATA.906870,resistant,sensitive,sensitive,resistant,sensitive,resistant,resistant,sensitive,resistant
DATA.906871,sensitive,resistant,resistant,resistant,resistant,resistant,resistant,resistant,resistant
DATA.906872,resistant,resistant,sensitive,resistant,resistant,resistant,resistant,sensitive,resistant
DATA.906873,resistant,resistant,sensitive,resistant,sensitive,sensitive,resistant,resistant,resistant
DATA.906875,resistant,resistant,sensitive,resistant,resistant,resistant,resistant,sensitive,resistant
DATA.906877,sensitive,resistant,sensitive,resistant,sensitive,resistant,resistant,sensitive,resistant
DATA.906999,resistant,resistant,sensitive,resistant,resistant,resistant,resistant,resistant,resistant
DATA.907000,sensitive,resistant,sensitive,resistant,resistant,resistant,resistant,resistant,resistant
DATA.907042,resistant,resistant,resistant,resistant,resistant,resistant,resistant,resistant,resistant
DATA.907043,sensitive,resistant,sensitive,resistant,sensitive,resistant,resistant,resistant,sensitive
DATA.907044,resistant,resistant,sensitive,resistant,resistant,resistant,resistant,sensitive,resistant
DATA.907045,resistant,resistant,resistant,resistant,resistant,resistant,sensitive,resistant,resistant
DATA.907046,resistant,resistant,resistant,resistant,resistant,resistant,sensitive,resistant,resistant
DATA.907047,resistant,resistant,sensitive,resistant,resistant,sensitive,sensitive,resistant,resistant
DATA.907048,resistant,resistant,sensitive,resistant,resistant,resistant,sensitive,resistant,resistant
DATA.907050,resistant,resistant,resistant,resistant,resistant,resistant,resistant,resistant,sensitive
DATA.907051,resistant,resistant,resistant,resistant,resistant,resistant,resistant,resistant,resistant
DATA.907053,resistant,resistant,sensitive,resistant,resistant,resistant,resistant,resistant,resistant
DATA.907055,resistant,resistant,resistant,resistant,resistant,resistant,resistant,sensitive,resistant
DATA.907056,resistant,resistant,resistant,resistant,resistant,resistant,resistant,resistant,resistant
DATA.907057,resistant,resistant,resistant,resistant,resistant,resistant,resistant,resistant,resistant
DATA.907058,resistant,resistant,resistant,resistant,resistant,resistant,resistant,sensitive,sensitive
DATA.907060,resistant,resistant,resistant,resistant,resistant,resistant,resistant,resistant,resistant
DATA.907061,sensitive,resistant,resistant,sensitive,resistant,resistant,resistant,sensitive,resistant
DATA.907062,resistant,resistant,resistant,sensitive,resistant,resistant,resistant,resistant,resistant
DATA.907064,resistant,resistant,sensitive,resistant,resistant,resistant,resistant,sensitive,resistant
DATA.907065,resistant,resistant,resistant,resistant,resistant,resistant,resistant,sensitive,resistant
DATA.907066,resistant,resistant,resistant,sensitive,resistant,resistant,resistant,sensitive,resistant
DATA.907067,resistant,sensitive,sensitive,resistant,resistant,resistant,resistant,sensitive,sensitive
DATA.907068,resistant,resistant,sensitive,resistant,resistant,resistant,resistant,resistant,resistant
DATA.907069,resistant,resistant,resistant,sensitive,resistant,resistant,resistant,sensitive,resistant
DATA.907071,resistant,resistant,resistant,resistant,resistant,resistant,resistant,resistant,resistant
DATA.907072,sensitive,resistant,sensitive,resistant,resistant,resistant,resistant,sensitive,resistant
DATA.907073,resistant,resistant,sensitive,resistant,resistant,sensitive,resistant,resistant,resistant
DATA.907169,resistant,resistant,sensitive,resistant,resistant,resistant,resistant,sensitive,resistant
DATA.907170,sensitive,resistant,sensitive,resistant,resistant,resistant,resistant,resistant,resistant
DATA.907172,resistant,resistant,resistant,resistant,resistant,resistant,resistant,resistant,resistant
DATA.907173,resistant,resistant,sensitive,resistant,sensitive,resistant,resistant,resistant,resistant
DATA.907268,resistant,resistant,sensitive,resistant,sensitive,resistant,resistant,sensitive,resistant
DATA.907269,sensitive,sensitive,sensitive,resistant,sensitive,sensitive,resistant,sensitive,resistant
DATA.907270,sensitive,sensitive,sensitive,resistant,sensitive,resistant,resistant,sensitive,resistant
DATA.907271,resistant,resistant,resistant,resistant,resistant,resistant,resistant,resistant,resistant
DATA.907272,resistant,resistant,sensitive,resistant,sensitive,resistant,resistant,sensitive,resistant
DATA.907273,resistant,resistant,sensitive,resistant,resistant,resistant,resistant,sensitive,resistant
DATA.907274,resistant,sensitive,sensitive,resistant,sensitive,sensitive,resistant,sensitive,resistant
DATA.907275,resistant,resistant,sensitive,resistant,sensitive,resistant,resistant,resistant,resistant
DATA.907276,resistant,resistant,sensitive,resistant,resistant,sensitive,resistant,sensitive,resistant
DATA.907277,sensitive,resistant,sensitive,resistant,sensitive,resistant,resistant,sensitive,resistant
DATA.907278,resistant,resistant,sensitive,resistant,resistant,resistant,resistant,resistant,resistant
DATA.907279,resistant,resistant,resistant,resistant,resistant,resistant,resistant,resistant,resistant
DATA.907280,resistant,resistant,sensitive,resistant,resistant,resistant,resistant,sensitive,sensitive
DATA.907281,resistant,resistant,sensitive,resistant,sensitive,resistant,resistant,sensitive,resistant
DATA.907285,resistant,resistant,sensitive,resistant,resistant,resistant,resistant,resistant,resistant
DATA.907286,sensitive,resistant,resistant,resistant,resistant,resistant,resistant,resistant,resistant
DATA.907287,resistant,resistant,sensitive,resistant,sensitive,sensitive,resistant,sensitive,sensitive
DATA.907289,resistant,resistant,sensitive,resistant,resistant,resistant,resistant,resistant,sensitive
DATA.907290,resistant,resistant,resistant,resistant,resistant,resistant,resistant,sensitive,resistant
DATA.907291,resistant,resistant,resistant,resistant,resistant,resistant,resistant,resistant,resistant
DATA.907295,resistant,resistant,resistant,resistant,resistant,resistant,resistant,sensitive,resistant
DATA.907298,sensitive,resistant,resistant,resistant,resistant,resistant,resistant,sensitive,resistant
DATA.907299,sensitive,resistant,sensitive,resistant,sensitive,resistant,resistant,sensitive,resistant
DATA.907300,sensitive,resistant,sensitive,resistant,sensitive,resistant,resistant,resistant,resistant
DATA.907311,resistant,sensitive,sensitive,resistant,sensitive,sensitive,resistant,sensitive,sensitive
DATA.907312,resistant,resistant,sensitive,resistant,sensitive,resistant,resistant,resistant,sensitive
DATA.907313,resistant,resistant,sensitive,resistant,sensitive,resistant,resistant,resistant,resistant
DATA.907314,sensitive,resistant,sensitive,resistant,resistant,resistant,resistant,resistant,resistant
DATA.907317,resistant,resistant,resistant,sensitive,resistant,resistant,resistant,resistant,resistant
DATA.907318,resistant,resistant,resistant,resistant,resistant,sensitive,resistant,resistant,resistant
DATA.907319,resistant,resistant,resistant,sensitive,resistant,resistant,resistant,resistant,resistant
DATA.907320,resistant,resistant,resistant,sensitive,resistant,sensitive,resistant,sensitive,resistant
DATA.907321,resistant,resistant,sensitive,resistant,resistant,resistant,resistant,resistant,resistant
DATA.907322,resistant,resistant,sensitive,resistant,resistant,resistant,resistant,sensitive,resistant
DATA.907323,sensitive,resistant,sensitive,resistant,resistant,resistant,resistant,resistant,resistant
DATA.907783,resistant,sensitive,sensitive,resistant,sensitive,sensitive,resistant,sensitive,sensitive
DATA.907787,sensitive,resistant,sensitive,resistant,resistant,resistant,resistant,sensitive,resistant
DATA.907788,resistant,resistant,sensitive,resistant,sensitive,resistant,resistant,sensitive,resistant
DATA.907789,resistant,resistant,sensitive,resistant,sensitive,resistant,resistant,sensitive,resistant
DATA.907790,resistant,sensitive,sensitive,sensitive,resistant,sensitive,resistant,sensitive,sensitive
DATA.907791,resistant,resistant,sensitive,resistant,sensitive,resistant,resistant,resistant,resistant
DATA.907792,resistant,resistant,resistant,resistant,resistant,resistant,resistant,resistant,resistant
DATA.907794,resistant,sensitive,resistant,resistant,resistant,resistant,resistant,sensitive,sensitive
DATA.907795,resistant,resistant,sensitive,resistant,resistant,resistant,resistant,resistant,sensitive
DATA.907796,resistant,resistant,sensitive,resistant,resistant,resistant,resistant,sensitive,sensitive
DATA.908121,resistant,resistant,sensitive,resistant,resistant,resistant,sensitive,resistant,resistant
DATA.908122,resistant,resistant,sensitive,sensitive,sensitive,sensitive,sensitive,sensitive,resistant
DATA.908123,resistant,resistant,resistant,resistant,resistant,sensitive,sensitive,sensitive,resistant
DATA.908125,resistant,resistant,sensitive,resistant,resistant,resistant,resistant,resistant,resistant
DATA.908126,resistant,sensitive,sensitive,resistant,sensitive,sensitive,resistant,sensitive,sensitive
DATA.908127,resistant,resistant,resistant,resistant,resistant,resistant,resistant,sensitive,resistant
DATA.908128,resistant,resistant,resistant,resistant,resistant,resistant,resistant,resistant,resistant
DATA.908129,resistant,resistant,resistant,resistant,resistant,resistant,resistant,sensitive,resistant
DATA.908130,resistant,resistant,resistant,resistant,resistant,resistant,resistant,sensitive,resistant
DATA.908131,resistant,resistant,resistant,resistant,resistant,resistant,resistant,resistant,resistant
DATA.908132,sensitive,resistant,sensitive,resistant,sensitive,resistant,resistant,sensitive,resistant
DATA.908136,resistant,resistant,sensitive,resistant,resistant,resistant,resistant,sensitive,resistant
DATA.908138,resistant,resistant,resistant,resistant,sensitive,resistant,resistant,sensitive,resistant
DATA.908139,resistant,resistant,resistant,resistant,resistant,resistant,resistant,sensitive,resistant
DATA.908141,sensitive,resistant,sensitive,resistant,sensitive,resistant,resistant,sensitive,sensitive
DATA.908142,resistant,resistant,sensitive,resistant,sensitive,sensitive,resistant,resistant,resistant
DATA.908143,resistant,resistant,resistant,resistant,sensitive,resistant,resistant,sensitive,resistant
DATA.908144,resistant,resistant,resistant,resistant,resistant,resistant,resistant,sensitive,resistant
DATA.908145,resistant,resistant,resistant,resistant,resistant,resistant,resistant,resistant,resistant
DATA.908146,resistant,resistant,sensitive,resistant,sensitive,resistant,resistant,sensitive,resistant
DATA.908147,sensitive,resistant,sensitive,resistant,resistant,resistant,resistant,sensitive,resistant
DATA.908148,resistant,sensitive,resistant,resistant,resistant,resistant,resistant,sensitive,resistant
DATA.908149,resistant,resistant,resistant,resistant,resistant,resistant,resistant,resistant,resistant
DATA.908150,resistant,resistant,resistant,resistant,resistant,resistant,resistant,resistant,resistant
DATA.908151,resistant,resistant,sensitive,resistant,resistant,resistant,sensitive,resistant,resistant
DATA.908152,resistant,resistant,sensitive,sensitive,resistant,resistant,resistant,sensitive,resistant
DATA.908156,sensitive,resistant,resistant,resistant,resistant,resistant,resistant,sensitive,sensitive
DATA.908158,sensitive,resistant,sensitive,resistant,sensitive,resistant,resistant,sensitive,resistant
DATA.908159,sensitive,resistant,sensitive,resistant,sensitive,sensitive,resistant,resistant,resistant
DATA.908440,resistant,resistant,sensitive,sensitive,sensitive,resistant,resistant,sensitive,sensitive
DATA.908441,resistant,resistant,resistant,resistant,resistant,resistant,resistant,resistant,resistant
DATA.908443,resistant,resistant,sensitive,resistant,resistant,resistant,resistant,resistant,resistant
DATA.908444,resistant,resistant,resistant,resistant,resistant,resistant,resistant,resistant,resistant
DATA.908445,sensitive,resistant,sensitive,resistant,resistant,resistant,resistant,resistant,sensitive
DATA.908446,resistant,resistant,resistant,resistant,resistant,resistant,resistant,sensitive,resistant
DATA.908447,sensitive,resistant,sensitive,resistant,resistant,resistant,resistant,resistant,resistant
DATA.908448,sensitive,resistant,resistant,resistant,resistant,resistant,resistant,sensitive,resistant
DATA.908451,resistant,resistant,resistant,resistant,sensitive,resistant,resistant,resistant,sensitive
DATA.908454,sensitive,resistant,resistant,resistant,resistant,resistant,resistant,sensitive,resistant
DATA.908455,sensitive,resistant,sensitive,sensitive,resistant,sensitive,resistant,sensitive,resistant
DATA.908457,resistant,resistant,sensitive,sensitive,sensitive,resistant,resistant,sensitive,sensitive
DATA.908458,resistant,resistant,sensitive,resistant,resistant,sensitive,resistant,resistant,sensitive
DATA.908459,resistant,resistant,resistant,resistant,resistant,resistant,resistant,resistant,resistant
DATA.908460,resistant,resistant,resistant,resistant,resistant,resistant,resistant,resistant,resistant
DATA.908461,resistant,resistant,resistant,sensitive,sensitive,sensitive,resistant,resistant,resistant
DATA.908462,resistant,resistant,resistant,resistant,resistant,resistant,resistant,sensitive,resistant
DATA.908463,resistant,resistant,resistant,resistant,resistant,resistant,resistant,sensitive,resistant
DATA.908465,resistant,resistant,resistant,resistant,resistant,sensitive,resistant,resistant,sensitive
DATA.908467,resistant,resistant,sensitive,resistant,resistant,resistant,resistant,sensitive,resistant
DATA.908470,resistant,sensitive,resistant,resistant,sensitive,sensitive,resistant,sensitive,resistant
DATA.908471,resistant,resistant,resistant,resistant,resistant,resistant,resistant,sensitive,resistant
DATA.908472,resistant,resistant,resistant,resistant,resistant,resistant,resistant,resistant,resistant
DATA.908473,resistant,resistant,sensitive,sensitive,resistant,sensitive,resistant,sensitive,sensitive
DATA.908474,resistant,resistant,resistant,resistant,resistant,resistant,resistant,sensitive,resistant
DATA.908475,resistant,resistant,resistant,resistant,resistant,resistant,resistant,sensitive,resistant
DATA.908476,resistant,resistant,sensitive,resistant,resistant,resistant,resistant,resistant,sensitive
DATA.908483,resistant,resistant,sensitive,resistant,resistant,resistant,resistant,resistant,resistant
DATA.909248,resistant,resistant,resistant,resistant,resistant,resistant,resistant,resistant,sensitive
DATA.909249,resistant,resistant,sensitive,resistant,sensitive,resistant,resistant,resistant,resistant
DATA.909250,resistant,resistant,sensitive,resistant,resistant,resistant,resistant,resistant,resistant
DATA.909251,sensitive,resistant,sensitive,resistant,sensitive,resistant,resistant,sensitive,resistant
DATA.909252,sensitive,resistant,sensitive,resistant,sensitive,resistant,resistant,resistant,resistant
DATA.909253,resistant,resistant,resistant,resistant,resistant,resistant,resistant,sensitive,resistant
DATA.909255,resistant,resistant,sensitive,resistant,sensitive,sensitive,resistant,sensitive,resistant
DATA.909256,resistant,resistant,sensitive,resistant,resistant,sensitive,sensitive,resistant,resistant
DATA.909257,resistant,resistant,resistant,resistant,resistant,resistant,resistant,resistant,resistant
DATA.909260,sensitive,resistant,resistant,resistant,resistant,resistant,resistant,sensitive,resistant
DATA.909262,resistant,resistant,sensitive,resistant,resistant,resistant,resistant,resistant,resistant
DATA.909263,resistant,resistant,sensitive,resistant,resistant,resistant,resistant,sensitive,sensitive
DATA.909264,resistant,resistant,sensitive,resistant,resistant,resistant,resistant,resistant,resistant
DATA.909696,resistant,resistant,resistant,resistant,resistant,resistant,resistant,resistant,resistant
DATA.909697,resistant,resistant,sensitive,resistant,resistant,resistant,resistant,resistant,resistant
DATA.909698,resistant,sensitive,resistant,resistant,sensitive,resistant,resistant,sensitive,sensitive
DATA.909699,resistant,resistant,resistant,sensitive,resistant,resistant,resistant,sensitive,resistant
DATA.909701,sensitive,sensitive,sensitive,resistant,sensitive,resistant,resistant,sensitive,resistant
DATA.909702,sensitive,resistant,resistant,resistant,resistant,resistant,resistant,sensitive,resistant
DATA.909703,sensitive,resistant,resistant,resistant,resistant,resistant,resistant,sensitive,resistant
DATA.909704,resistant,resistant,resistant,resistant,resistant,resistant,resistant,resistant,resistant
DATA.909707,resistant,resistant,resistant,resistant,resistant,resistant,resistant,resistant,resistant
DATA.909708,resistant,resistant,sensitive,resistant,resistant,resistant,resistant,sensitive,sensitive
DATA.909709,resistant,resistant,resistant,resistant,resistant,resistant,resistant,resistant,resistant
DATA.909713,resistant,sensitive,resistant,resistant,resistant,resistant,resistant,resistant,sensitive
DATA.909716,resistant,resistant,sensitive,resistant,resistant,resistant,resistant,sensitive,resistant
DATA.909717,resistant,resistant,resistant,resistant,resistant,resistant,resistant,sensitive,resistant
DATA.909718,sensitive,resistant,resistant,resistant,resistant,resistant,resistant,sensitive,sensitive
DATA.909719,resistant,resistant,resistant,resistant,resistant,resistant,resistant,resistant,resistant
DATA.909720,resistant,resistant,sensitive,resistant,resistant,resistant,resistant,resistant,resistant
DATA.909721,resistant,resistant,resistant,resistant,resistant,resistant,resistant,resistant,resistant
DATA.909722,resistant,resistant,sensitive,resistant,sensitive,resistant,resistant,resistant,resistant
DATA.909723,resistant,sensitive,resistant,resistant,resistant,resistant,resistant,sensitive,sensitive
DATA.909725,resistant,sensitive,resistant,resistant,resistant,resistant,resistant,sensitive,resistant
DATA.909728,resistant,resistant,resistant,resistant,resistant,sensitive,resistant,resistant,resistant
DATA.909729,resistant,resistant,resistant,resistant,resistant,resistant,resistant,resistant,resistant
DATA.909731,sensitive,resistant,sensitive,resistant,resistant,resistant,resistant,resistant,resistant
DATA.909732,resistant,resistant,resistant,resistant,resistant,resistant,resistant,resistant,resistant
DATA.909735,resistant,resistant,resistant,resistant,resistant,resistant,resistant,resistant,resistant
DATA.909736,resistant,resistant,sensitive,resistant,resistant,resistant,resistant,sensitive,resistant
DATA.909737,resistant,resistant,resistant,resistant,resistant,resistant,resistant,resistant,resistant
DATA.909738,resistant,resistant,resistant,resistant,resistant,sensitive,resistant,sensitive,resistant
DATA.909740,resistant,resistant,sensitive,resistant,resistant,resistant,resistant,sensitive,resistant
DATA.909743,sensitive,resistant,sensitive,resistant,sensitive,resistant,resistant,sensitive,resistant
DATA.909744,resistant,resistant,sensitive,sensitive,resistant,sensitive,resistant,sensitive,resistant
DATA.909745,resistant,resistant,resistant,resistant,resistant,resistant,resistant,sensitive,resistant
DATA.909746,resistant,resistant,resistant,resistant,resistant,resistant,resistant,resistant,sensitive
DATA.909747,resistant,sensitive,sensitive,resistant,resistant,resistant,resistant,sensitive,sensitive
DATA.909748,resistant,resistant,resistant,resistant,resistant,resistant,resistant,sensitive,sensitive
DATA.909749,resistant,resistant,resistant,resistant,resistant,resistant,resistant,sensitive,resistant
DATA.909750,resistant,resistant,resistant,resistant,resistant,resistant,resistant,sensitive,resistant
DATA.909751,resistant,resistant,resistant,sensitive,resistant,sensitive,resistant,sensitive,sensitive
DATA.909753,resistant,resistant,sensitive,resistant,sensitive,resistant,resistant,resistant,sensitive
DATA.909754,resistant,resistant,resistant,resistant,resistant,resistant,resistant,resistant,resistant
DATA.909755,resistant,resistant,resistant,resistant,resistant,resistant,resistant,sensitive,sensitive
DATA.909756,sensitive,resistant,sensitive,resistant,resistant,resistant,resistant,sensitive,resistant
DATA.909757,resistant,resistant,sensitive,resistant,resistant,resistant,resistant,resistant,sensitive
DATA.909759,resistant,resistant,resistant,resistant,sensitive,resistant,resistant,resistant,resistant
DATA.909761,resistant,resistant,resistant,resistant,resistant,resistant,resistant,sensitive,resistant
DATA.909769,resistant,resistant,resistant,resistant,resistant,resistant,resistant,sensitive,resistant
DATA.909770,resistant,resistant,resistant,resistant,resistant,resistant,resistant,resistant,sensitive
DATA.909773,resistant,resistant,resistant,resistant,resistant,resistant,resistant,resistant,resistant
DATA.909774,sensitive,resistant,resistant,resistant,resistant,resistant,resistant,sensitive,sensitive
DATA.909776,resistant,resistant,sensitive,resistant,resistant,resistant,resistant,resistant,sensitive
DATA.909777,resistant,resistant,resistant,resistant,resistant,resistant,resistant,sensitive,resistant
DATA.909778,resistant,resistant,resistant,resistant,resistant,resistant,sensitive,resistant,resistant
DATA.909779,resistant,resistant,sensitive,resistant,resistant,resistant,resistant,sensitive,resistant
DATA.909780,resistant,resistant,resistant,resistant,resistant,resistant,resistant,resistant,resistant
DATA.909781,resistant,resistant,resistant,resistant,resistant,resistant,resistant,sensitive,resistant
DATA.909784,resistant,sensitive,sensitive,resistant,resistant,resistant,resistant,resistant,sensitive
DATA.909785,resistant,sensitive,sensitive,resistant,sensitive,sensitive,resistant,sensitive,resistant
DATA.909904,resistant,resistant,resistant,resistant,resistant,resistant,resistant,resistant,resistant
DATA.909905,resistant,resistant,resistant,resistant,resistant,resistant,resistant,resistant,resistant
DATA.909907,resistant,resistant,resistant,resistant,resistant,sensitive,sensitive,sensitive,resistant
DATA.909974,resistant,resistant,resistant,sensitive,resistant,resistant,resistant,sensitive,resistant
DATA.909975,resistant,resistant,resistant,resistant,resistant,resistant,resistant,sensitive,resistant
DATA.909976,resistant,resistant,resistant,resistant,resistant,resistant,resistant,resistant,resistant
DATA.909977,resistant,resistant,resistant,resistant,resistant,resistant,resistant,resistant,resistant
DATA.910079,resistant,resistant,sensitive,sensitive,resistant,sensitive,resistant,sensitive,resistant
DATA.910401,resistant,resistant,resistant,resistant,resistant,resistant,resistant,resistant,resistant
DATA.910544,resistant,resistant,sensitive,resistant,resistant,resistant,resistant,resistant,resistant
DATA.910546,sensitive,sensitive,sensitive,resistant,resistant,resistant,resistant,sensitive,sensitive
DATA.910548,sensitive,resistant,resistant,resistant,resistant,resistant,resistant,resistant,resistant
DATA.910549,resistant,resistant,sensitive,resistant,resistant,resistant,resistant,sensitive,resistant
DATA.910554,resistant,resistant,resistant,resistant,resistant,resistant,resistant,resistant,resistant
DATA.910568,resistant,resistant,resistant,resistant,resistant,resistant,resistant,resistant,resistant
DATA.910569,resistant,resistant,resistant,resistant,resistant,resistant,resistant,sensitive,resistant
DATA.910687,resistant,resistant,sensitive,resistant,resistant,resistant,resistant,resistant,resistant
DATA.910688,sensitive,resistant,sensitive,resistant,resistant,resistant,resistant,sensitive,resistant
DATA.910689,resistant,resistant,resistant,sensitive,resistant,resistant,resistant,sensitive,sensitive
DATA.910691,resistant,resistant,resistant,resistant,resistant,resistant,resistant,sensitive,resistant
DATA.910692,resistant,resistant,sensitive,resistant,resistant,resistant,resistant,resistant,resistant
DATA.910694,resistant,resistant,resistant,resistant,resistant,resistant,resistant,resistant,resistant
DATA.910695,resistant,resistant,resistant,sensitive,sensitive,resistant,resistant,sensitive,resistant
DATA.910698,resistant,resistant,resistant,resistant,resistant,resistant,resistant,sensitive,resistant
DATA.910700,resistant,resistant,sensitive,resistant,resistant,sensitive,resistant,sensitive,resistant
DATA.910702,resistant,resistant,resistant,sensitive,resistant,resistant,resistant,resistant,sensitive
DATA.910703,resistant,resistant,sensitive,resistant,sensitive,resistant,resistant,sensitive,resistant
DATA.910704,resistant,resistant,sensitive,sensitive,resistant,sensitive,sensitive,sensitive,resistant
DATA.910705,sensitive,resistant,sensitive,resistant,sensitive,resistant,resistant,resistant,resistant
DATA.910706,resistant,resistant,sensitive,resistant,sensitive,resistant,resistant,resistant,resistant
DATA.910710,sensitive,resistant,resistant,resistant,resistant,resistant,resistant,sensitive,resistant
DATA.910779,resistant,resistant,resistant,resistant,resistant,resistant,resistant,resistant,resistant
DATA.910780,resistant,resistant,sensitive,resistant,resistant,resistant,resistant,sensitive,resistant
DATA.910781,resistant,resistant,resistant,resistant,resistant,resistant,resistant,resistant,resistant
DATA.910784,resistant,resistant,resistant,resistant,resistant,resistant,resistant,sensitive,resistant
DATA.910849,resistant,resistant,sensitive,resistant,resistant,resistant,resistant,resistant,resistant
DATA.910850,resistant,resistant,sensitive,resistant,resistant,resistant,resistant,resistant,resistant
DATA.910851,resistant,resistant,resistant,resistant,resistant,resistant,resistant,resistant,resistant
DATA.910852,resistant,resistant,resistant,resistant,resistant,resistant,sensitive,resistant,resistant
DATA.910853,resistant,resistant,resistant,resistant,resistant,resistant,resistant,resistant,resistant
DATA.910900,resistant,resistant,sensitive,resistant,resistant,resistant,resistant,resistant,resistant
DATA.910903,sensitive,resistant,sensitive,resistant,resistant,resistant,resistant,resistant,resistant
DATA.910904,resistant,resistant,resistant,resistant,resistant,resistant,resistant,resistant,resistant
DATA.910905,resistant,resistant,sensitive,resistant,resistant,resistant,resistant,sensitive,sensitive
DATA.910906,resistant,sensitive,sensitive,resistant,sensitive,resistant,resistant,sensitive,resistant
DATA.910907,resistant,resistant,resistant,resistant,resistant,resistant,resistant,resistant,resistant
DATA.910910,resistant,resistant,resistant,resistant,resistant,resistant,resistant,resistant,resistant
DATA.910911,resistant,resistant,resistant,sensitive,resistant,sensitive,resistant,resistant,resistant
DATA.910915,resistant,resistant,resistant,resistant,resistant,resistant,resistant,sensitive,sensitive
DATA.910916,resistant,resistant,sensitive,sensitive,resistant,sensitive,resistant,resistant,resistant
DATA.910919,resistant,resistant,sensitive,resistant,sensitive,resistant,resistant,sensitive,resistant
DATA.910920,resistant,resistant,resistant,resistant,resistant,resistant,resistant,resistant,resistant
DATA.910921,resistant,sensitive,sensitive,resistant,resistant,resistant,resistant,sensitive,sensitive
DATA.910922,resistant,resistant,resistant,sensitive,resistant,sensitive,resistant,resistant,resistant
DATA.910924,resistant,resistant,sensitive,sensitive,resistant,resistant,resistant,sensitive,resistant
DATA.910926,sensitive,resistant,resistant,resistant,sensitive,resistant,resistant,sensitive,sensitive
DATA.910927,resistant,resistant,sensitive,resistant,resistant,resistant,sensitive,resistant,resistant
DATA.910930,sensitive,resistant,sensitive,resistant,resistant,resistant,resistant,resistant,resistant
DATA.910932,resistant,resistant,resistant,resistant,resistant,resistant,resistant,sensitive,sensitive
DATA.910933,resistant,sensitive,sensitive,resistant,resistant,resistant,resistant,resistant,sensitive
DATA.910934,resistant,resistant,sensitive,resistant,sensitive,resistant,resistant,resistant,sensitive
DATA.910935,sensitive,resistant,sensitive,resistant,sensitive,resistant,resistant,sensitive,resistant
DATA.910936,resistant,resistant,resistant,sensitive,resistant,sensitive,resistant,sensitive,sensitive
DATA.910937,sensitive,resistant,resistant,resistant,resistant,resistant,resistant,sensitive,resistant
DATA.910941,sensitive,resistant,sensitive,resistant,resistant,resistant,resistant,resistant,resistant
DATA.910942,resistant,resistant,sensitive,resistant,sensitive,resistant,resistant,resistant,resistant
DATA.910943,resistant,resistant,sensitive,resistant,sensitive,resistant,resistant,sensitive,resistant
DATA.910944,resistant,resistant,sensitive,sensitive,resistant,resistant,resistant,sensitive,resistant
DATA.910947,sensitive,resistant,resistant,resistant,sensitive,resistant,resistant,resistant,sensitive
DATA.910948,resistant,resistant,resistant,resistant,resistant,resistant,sensitive,resistant,resistant
DATA.910951,resistant,resistant,sensitive,resistant,resistant,sensitive,resistant,resistant,resistant
DATA.910952,resistant,resistant,resistant,sensitive,sensitive,resistant,resistant,sensitive,resistant
DATA.911905,resistant,resistant,resistant,resistant,resistant,sensitive,resistant,sensitive,resistant
DATA.917486,resistant,resistant,resistant,resistant,resistant,resistant,resistant,resistant,sensitive
DATA.924100,resistant,resistant,sensitive,resistant,resistant,resistant,resistant,sensitive,resistant
DATA.924102,resistant,resistant,sensitive,resistant,sensitive,resistant,resistant,sensitive,resistant
DATA.924104,resistant,sensitive,resistant,resistant,resistant,resistant,resistant,sensitive,resistant
DATA.924105,resistant,resistant,sensitive,sensitive,sensitive,sensitive,resistant,sensitive,sensitive
DATA.924106,resistant,resistant,sensitive,resistant,resistant,resistant,sensitive,resistant,resistant
DATA.924107,resistant,resistant,sensitive,sensitive,resistant,sensitive,resistant,sensitive,sensitive
DATA.924108,resistant,resistant,sensitive,resistant,resistant,resistant,resistant,sensitive,resistant
DATA.924110,resistant,sensitive,resistant,resistant,resistant,resistant,resistant,sensitive,resistant
DATA.924111,resistant,resistant,sensitive,resistant,resistant,resistant,resistant,resistant,sensitive
DATA.924151,resistant,sensitive,sensitive,resistant,resistant,resistant,resistant,sensitive,sensitive
DATA.924186,resistant,resistant,resistant,resistant,resistant,resistant,resistant,sensitive,resistant
DATA.924187,resistant,resistant,resistant,resistant,resistant,resistant,resistant,sensitive,resistant
DATA.924238,resistant,sensitive,sensitive,resistant,resistant,resistant,resistant,resistant,sensitive
DATA.924239,resistant,resistant,sensitive,resistant,resistant,resistant,resistant,sensitive,resistant
DATA.924240,resistant,resistant,resistant,resistant,resistant,resistant,sensitive,resistant,resistant
DATA.924241,resistant,resistant,sensitive,resistant,resistant,resistant,resistant,resistant,resistant
DATA.924244,resistant,resistant,sensitive,resistant,resistant,sensitive,resistant,sensitive,resistant
DATA.924250,resistant,resistant,resistant,sensitive,resistant,resistant,resistant,sensitive,resistant
DATA.925338,resistant,resistant,resistant,resistant,resistant,resistant,sensitive,resistant,resistant
DATA.925340,resistant,resistant,resistant,resistant,resistant,resistant,resistant,resistant,sensitive
DATA.925341,resistant,resistant,sensitive,resistant,resistant,resistant,resistant,sensitive,resistant
DATA.925343,resistant,resistant,resistant,resistant,resistant,resistant,resistant,sensitive,resistant
DATA.925345,resistant,resistant,sensitive,resistant,resistant,resistant,resistant,sensitive,resistant
DATA.925346,resistant,resistant,resistant,sensitive,resistant,resistant,resistant,resistant,resistant
DATA.925347,resistant,resistant,sensitive,resistant,sensitive,resistant,resistant,resistant,resistant
DATA.925348,resistant,resistant,resistant,resistant,resistant,resistant,resistant,sensitive,resistant
DATA.930082,resistant,resistant,sensitive,resistant,resistant,resistant,resistant,resistant,resistant
DATA.930083,resistant,resistant,resistant,resistant,resistant,resistant,resistant,resistant,resistant
DATA.930297,resistant,resistant,resistant,resistant,resistant,resistant,resistant,sensitive,resistant
DATA.930298,resistant,resistant,sensitive,sensitive,resistant,resistant,resistant,resistant,resistant
DATA.930299,resistant,resistant,resistant,resistant,resistant,resistant,resistant,resistant,resistant
DATA.946353,resistant,resistant,resistant,resistant,resistant,resistant,resistant,sensitive,resistant
DATA.946355,resistant,resistant,resistant,sensitive,resistant,sensitive,resistant,sensitive,resistant
DATA.946356,resistant,resistant,resistant,resistant,resistant,sensitive,resistant,resistant,resistant
DATA.946357,sensitive,resistant,sensitive,resistant,sensitive,resistant,resistant,sensitive,resistant
DATA.946358,resistant,sensitive,resistant,resistant,resistant,resistant,resistant,sensitive,resistant
DATA.946359,resistant,resistant,sensitive,resistant,resistant,sensitive,sensitive,resistant,resistant
DATA.946360,resistant,resistant,resistant,resistant,resistant,resistant,resistant,sensitive,resistant
DATA.946361,resistant,resistant,sensitive,resistant,resistant,resistant,resistant,resistant,resistant
DATA.946368,resistant,resistant,resistant,resistant,resistant,resistant,resistant,sensitive,resistant
DATA.946370,resistant,resistant,resistant,resistant,resistant,resistant,resistant,resistant,resistant
DATA.946382,resistant,resistant,resistant,resistant,resistant,resistant,sensitive,sensitive,resistant
DATA.949090,resistant,resistant,resistant,resistant,resistant,resistant,resistant,sensitive,sensitive
DATA.949093,resistant,resistant,resistant,resistant,resistant,resistant,sensitive,resistant,resistant
DATA.949094,resistant,resistant,resistant,resistant,sensitive,resistant,resistant,resistant,resistant
DATA.949153,sensitive,resistant,sensitive,resistant,sensitive,resistant,resistant,sensitive,resistant
DATA.949155,sensitive,resistant,sensitive,resistant,resistant,resistant,resistant,resistant,resistant
DATA.949156,sensitive,resistant,sensitive,resistant,resistant,resistant,resistant,sensitive,resistant
DATA.949157,resistant,resistant,sensitive,resistant,resistant,resistant,resistant,sensitive,resistant
DATA.949158,sensitive,resistant,resistant,resistant,resistant,resistant,resistant,sensitive,resistant
DATA.949160,resistant,resistant,sensitive,resistant,resistant,resistant,resistant,sensitive,resistant
DATA.949161,sensitive,resistant,sensitive,resistant,resistant,resistant,resistant,resistant,resistant
DATA.949163,resistant,resistant,sensitive,resistant,resistant,resistant,resistant,sensitive,resistant
DATA.949164,resistant,resistant,sensitive,resistant,resistant,resistant,resistant,resistant,resistant
DATA.949165,resistant,resistant,sensitive,resistant,resistant,resistant,resistant,resistant,resistant
DATA.949166,sensitive,resistant,resistant,resistant,resistant,resistant,resistant,resistant,resistant
DATA.949167,sensitive,resistant,sensitive,resistant,resistant,resistant,resistant,sensitive,resistant
DATA.949168,resistant,resistant,sensitive,resistant,resistant,resistant,resistant,sensitive,resistant
DATA.949171,resistant,resistant,sensitive,resistant,resistant,resistant,resistant,resistant,resistant
DATA.949172,resistant,resistant,resistant,resistant,resistant,resistant,resistant,sensitive,resistant
DATA.949174,resistant,resistant,resistant,resistant,resistant,sensitive,resistant,resistant,resistant
DATA.949177,resistant,resistant,sensitive,resistant,resistant,resistant,resistant,sensitive,resistant
DATA.949178,resistant,resistant,sensitive,resistant,resistant,resistant,resistant,sensitive,resistant
DATA.949179,resistant,resistant,resistant,resistant,resistant,resistant,resistant,sensitive,resistant
DATA.971773,sensitive,resistant,resistant,resistant,resistant,resistant,resistant,sensitive,resistant
DATA.998184,resistant,resistant,sensitive,resistant,resistant,resistant,resistant,sensitive,resistant
DATA.998189,resistant,resistant,resistant,resistant,resistant,resistant,resistant,sensitive,sensitive
DATA.1240121,resistant,resistant,resistant,resistant,resistant,resistant,resistant,resistant,resistant
DATA.1240122,resistant,resistant,sensitive,sensitive,resistant,resistant,resistant,sensitive,resistant
DATA.1240123,resistant,resistant,sensitive,sensitive,resistant,sensitive,resistant,sensitive,resistant
DATA.1240124,resistant,resistant,sensitive,resistant,resistant,resistant,resistant,sensitive,sensitive
DATA.1240127,resistant,resistant,resistant,resistant,resistant,resistant,resistant,resistant,resistant
DATA.1240128,sensitive,sensitive,sensitive,resistant,resistant,resistant,resistant,resistant,sensitive
DATA.1240129,resistant,resistant,resistant,resistant,resistant,resistant,resistant,sensitive,resistant
DATA.1240130,resistant,resistant,sensitive,resistant,resistant,resistant,resistant,resistant,resistant
DATA.1240131,resistant,resistant,resistant,resistant,resistant,resistant,resistant,sensitive,resistant
DATA.1240132,resistant,resistant,resistant,resistant,resistant,resistant,resistant,sensitive,resistant
DATA.1240134,resistant,resistant,resistant,resistant,resistant,resistant,resistant,sensitive,resistant
DATA.1240135,resistant,resistant,sensitive,resistant,resistant,resistant,resistant,resistant,resistant
DATA.1240136,resistant,resistant,resistant,resistant,resistant,resistant,resistant,resistant,resistant
DATA.1240137,resistant,resistant,sensitive,resistant,resistant,resistant,resistant,resistant,resistant
DATA.1240138,resistant,resistant,resistant,resistant,resistant,resistant,resistant,resistant,resistant
DATA.1240140,resistant,resistant,sensitive,sensitive,resistant,sensitive,resistant,resistant,sensitive
DATA.1240141,resistant,resistant,resistant,sensitive,resistant,resistant,resistant,resistant,resistant
DATA.1240142,resistant,resistant,resistant,resistant,resistant,sensitive,resistant,sensitive,resistant
DATA.1240143,resistant,resistant,resistant,resistant,resistant,resistant,resistant,sensitive,resistant
DATA.1240144,resistant,resistant,resistant,resistant,resistant,resistant,resistant,resistant,resistant
DATA.1240145,resistant,resistant,sensitive,resistant,resistant,resistant,resistant,resistant,sensitive
DATA.1240146,resistant,resistant,sensitive,sensitive,resistant,resistant,resistant,sensitive,resistant
DATA.1240147,resistant,resistant,resistant,resistant,resistant,sensitive,resistant,resistant,resistant
DATA.1240149,resistant,resistant,resistant,resistant,resistant,resistant,resistant,resistant,resistant
DATA.1240151,resistant,resistant,sensitive,resistant,resistant,resistant,resistant,resistant,resistant
DATA.1240153,resistant,sensitive,resistant,resistant,resistant,resistant,resistant,resistant,sensitive
DATA.1240154,sensitive,sensitive,sensitive,resistant,resistant,resistant,resistant,sensitive,sensitive
DATA.1240155,resistant,resistant,sensitive,resistant,resistant,resistant,resistant,resistant,resistant
DATA.1240157,resistant,resistant,sensitive,resistant,resistant,resistant,resistant,sensitive,resistant
DATA.1240158,resistant,resistant,sensitive,resistant,resistant,resistant,resistant,sensitive,resistant
DATA.1240159,resistant,resistant,sensitive,resistant,resistant,resistant,resistant,resistant,resistant
DATA.1240160,resistant,resistant,resistant,resistant,resistant,resistant,resistant,resistant,resistant
DATA.1240162,resistant,resistant,resistant,sensitive,resistant,sensitive,resistant,sensitive,sensitive
DATA.1240166,sensitive,resistant,resistant,resistant,sensitive,resistant,resistant,sensitive,resistant
DATA.1240167,sensitive,resistant,sensitive,sensitive,resistant,resistant,resistant,sensitive,resistant
DATA.1240168,resistant,resistant,resistant,resistant,resistant,resistant,resistant,sensitive,resistant
DATA.1240169,resistant,resistant,resistant,resistant,resistant,resistant,resistant,sensitive,resistant
DATA.1240170,resistant,resistant,resistant,resistant,resistant,resistant,resistant,resistant,resistant
DATA.1240172,resistant,resistant,resistant,resistant,resistant,resistant,sensitive,resistant,resistant
DATA.1240173,resistant,sensitive,sensitive,resistant,resistant,resistant,resistant,resistant,sensitive
DATA.1240174,resistant,resistant,sensitive,resistant,resistant,resistant,resistant,sensitive,resistant
DATA.1240179,resistant,resistant,resistant,resistant,resistant,resistant,resistant,sensitive,resistant
DATA.1240181,resistant,resistant,sensitive,resistant,sensitive,resistant,resistant,sensitive,sensitive
DATA.1240183,resistant,resistant,resistant,sensitive,resistant,resistant,resistant,resistant,resistant
DATA.1240184,resistant,resistant,sensitive,resistant,resistant,resistant,resistant,sensitive,sensitive
DATA.1240185,resistant,resistant,sensitive,resistant,resistant,resistant,resistant,resistant,resistant
DATA.1240186,resistant,resistant,sensitive,resistant,resistant,resistant,resistant,resistant,resistant
DATA.1240187,sensitive,resistant,resistant,resistant,resistant,resistant,resistant,resistant,resistant
DATA.1240189,resistant,resistant,sensitive,resistant,sensitive,resistant,resistant,sensitive,resistant
DATA.1240190,resistant,resistant,sensitive,resistant,resistant,resistant,resistant,resistant,sensitive
DATA.1240192,resistant,resistant,resistant,resistant,resistant,resistant,resistant,sensitive,resistant
DATA.1240193,resistant,resistant,resistant,resistant,resistant,resistant,resistant,resistant,resistant
DATA.1240196,resistant,resistant,resistant,resistant,resistant,resistant,resistant,sensitive,resistant
DATA.1240197,resistant,sensitive,resistant,resistant,resistant,resistant,resistant,sensitive,sensitive
DATA.1240198,resistant,resistant,resistant,resistant,resistant,resistant,resistant,resistant,resistant
DATA.1240199,resistant,resistant,resistant,resistant,resistant,resistant,resistant,resistant,resistant
DATA.1240200,resistant,resistant,resistant,sensitive,resistant,sensitive,resistant,sensitive,sensitive
DATA.1240201,resistant,resistant,resistant,resistant,sensitive,resistant,resistant,sensitive,resistant
DATA.1240202,resistant,resistant,resistant,sensitive,resistant,resistant,resistant,sensitive,resistant
DATA.1240208,resistant,resistant,resistant,resistant,sensitive,resistant,resistant,resistant,sensitive
DATA.1240209,resistant,resistant,resistant,resistant,resistant,resistant,resistant,sensitive,resistant
DATA.1240210,resistant,resistant,sensitive,resistant,resistant,resistant,resistant,sensitive,resistant
DATA.1240212,sensitive,resistant,resistant,resistant,resistant,resistant,resistant,resistant,resistant
DATA.1240215,resistant,resistant,resistant,resistant,resistant,resistant,resistant,resistant,resistant
DATA.1240216,resistant,resistant,resistant,resistant,resistant,resistant,resistant,sensitive,resistant
DATA.1240217,resistant,resistant,resistant,resistant,resistant,resistant,resistant,sensitive,resistant
DATA.1240218,resistant,resistant,resistant,resistant,resistant,resistant,resistant,sensitive,sensitive
DATA.1240219,resistant,resistant,resistant,resistant,resistant,resistant,resistant,sensitive,resistant
DATA.1240221,sensitive,resistant,sensitive,resistant,resistant,resistant,resistant,resistant,resistant
DATA.1240222,resistant,resistant,sensitive,resistant,resistant,resistant,resistant,sensitive,resistant
DATA.1240223,resistant,resistant,resistant,resistant,resistant,resistant,resistant,sensitive,sensitive
DATA.1240226,resistant,sensitive,sensitive,resistant,resistant,resistant,resistant,sensitive,sensitive
DATA.1247871,sensitive,resistant,sensitive,resistant,resistant,sensitive,resistant,resistant,resistant
DATA.1247873,resistant,resistant,resistant,resistant,resistant,sensitive,resistant,resistant,resistant
DATA.1290455,resistant,resistant,sensitive,resistant,sensitive,resistant,resistant,sensitive,sensitive
DATA.1290722,resistant,resistant,sensitive,resistant,resistant,resistant,resistant,resistant,resistant
DATA.1290724,resistant,resistant,resistant,resistant,resistant,resistant,resistant,sensitive,resistant
DATA.1290730,resistant,resistant,sensitive,resistant,resistant,sensitive,resistant,sensitive,resistant
DATA.1290765,resistant,resistant,sensitive,resistant,resistant,resistant,resistant,resistant,resistant
DATA.1290769,resistant,resistant,resistant,resistant,resistant,resistant,resistant,sensitive,sensitive
DATA.1290771,resistant,sensitive,sensitive,resistant,resistant,resistant,resistant,resistant,sensitive
DATA.1290795,resistant,resistant,sensitive,resistant,resistant,resistant,resistant,sensitive,resistant
DATA.1290797,resistant,resistant,sensitive,resistant,resistant,resistant,resistant,sensitive,sensitive
DATA.1290798,resistant,resistant,sensitive,resistant,resistant,resistant,sensitive,resistant,resistant
DATA.1290806,resistant,resistant,resistant,resistant,resistant,resistant,resistant,sensitive,resistant
DATA.1290807,resistant,resistant,resistant,resistant,resistant,resistant,resistant,sensitive,resistant
DATA.1290808,resistant,resistant,resistant,resistant,resistant,resistant,resistant,sensitive,resistant
DATA.1290809,resistant,resistant,sensitive,resistant,resistant,resistant,resistant,sensitive,resistant
DATA.1290810,resistant,resistant,resistant,resistant,resistant,resistant,resistant,resistant,resistant
DATA.1290812,resistant,resistant,resistant,resistant,resistant,resistant,resistant,sensitive,resistant
DATA.1290813,resistant,sensitive,sensitive,resistant,resistant,resistant,resistant,resistant,sensitive
DATA.1290814,resistant,resistant,sensitive,resistant,resistant,resistant,resistant,resistant,resistant
DATA.1290905,resistant,resistant,sensitive,resistant,resistant,resistant,sensitive,sensitive,resistant
DATA.1290906,resistant,resistant,resistant,resistant,resistant,resistant,resistant,resistant,resistant
DATA.1290908,resistant,resistant,sensitive,resistant,resistant,resistant,resistant,sensitive,resistant
DATA.1290922,resistant,resistant,resistant,sensitive,resistant,sensitive,sensitive,resistant,sensitive
DATA.1295740,resistant,resistant,sensitive,resistant,resistant,resistant,resistant,resistant,resistant
DATA.1295741,resistant,sensitive,sensitive,resistant,sensitive,resistant,resistant,sensitive,resistant
DATA.1297439,resistant,resistant,resistant,resistant,resistant,resistant,resistant,resistant,resistant
DATA.1297446,resistant,resistant,sensitive,resistant,resistant,resistant,resistant,sensitive,resistant
DATA.1297447,resistant,resistant,sensitive,resistant,resistant,resistant,resistant,resistant,resistant
DATA.1297449,resistant,resistant,sensitive,resistant,resistant,sensitive,resistant,resistant,resistant
DATA.1298134,resistant,resistant,resistant,resistant,resistant,resistant,resistant,resistant,resistant
DATA.1298136,resistant,resistant,sensitive,resistant,resistant,resistant,resistant,sensitive,sensitive
DATA.1298141,resistant,resistant,resistant,resistant,resistant,resistant,resistant,sensitive,sensitive
DATA.1298146,resistant,resistant,sensitive,resistant,resistant,resistant,resistant,resistant,resistant
DATA.1298151,resistant,resistant,sensitive,resistant,resistant,resistant,resistant,sensitive,resistant
DATA.1298157,resistant,resistant,resistant,resistant,resistant,resistant,sensitive,sensitive,resistant
DATA.1298168,resistant,resistant,resistant,resistant,resistant,resistant,resistant,sensitive,resistant
DATA.1298169,resistant,resistant,sensitive,resistant,resistant,resistant,resistant,sensitive,resistant
DATA.1298216,resistant,resistant,resistant,resistant,resistant,resistant,resistant,resistant,resistant
DATA.1298218,resistant,resistant,resistant,resistant,resistant,resistant,resistant,resistant,resistant
DATA.1298219,resistant,resistant,resistant,resistant,resistant,resistant,resistant,sensitive,resistant
DATA.1298222,resistant,resistant,resistant,resistant,resistant,resistant,resistant,resistant,resistant
DATA.1298223,resistant,resistant,resistant,sensitive,resistant,resistant,resistant,resistant,resistant
DATA.1298226,resistant,resistant,sensitive,sensitive,resistant,sensitive,resistant,resistant,resistant
DATA.1298347,resistant,resistant,resistant,resistant,resistant,resistant,resistant,resistant,resistant
DATA.1298348,resistant,resistant,resistant,sensitive,resistant,sensitive,resistant,sensitive,resistant
DATA.1298349,resistant,resistant,resistant,resistant,resistant,resistant,resistant,resistant,resistant
DATA.1298350,sensitive,resistant,resistant,sensitive,resistant,sensitive,resistant,resistant,resistant
DATA.1298352,resistant,resistant,sensitive,resistant,resistant,resistant,resistant,resistant,resistant
DATA.1298357,resistant,resistant,sensitive,resistant,sensitive,sensitive,resistant,resistant,sensitive
DATA.1298358,resistant,resistant,sensitive,resistant,resistant,resistant,resistant,resistant,sensitive
DATA.1298359,resistant,resistant,resistant,sensitive,resistant,sensitive,resistant,sensitive,resistant
DATA.1298365,resistant,resistant,sensitive,resistant,resistant,resistant,resistant,resistant,resistant
DATA.1298475,resistant,resistant,sensitive,resistant,sensitive,resistant,resistant,sensitive,sensitive
DATA.1298476,resistant,resistant,resistant,sensitive,resistant,resistant,resistant,sensitive,sensitive
DATA.1298526,resistant,resistant,sensitive,resistant,resistant,resistant,resistant,sensitive,resistant
DATA.1298529,resistant,resistant,resistant,resistant,resistant,resistant,resistant,sensitive,resistant
DATA.1298531,resistant,resistant,resistant,resistant,resistant,sensitive,resistant,resistant,resistant
DATA.1298533,resistant,resistant,sensitive,resistant,resistant,resistant,resistant,sensitive,resistant
DATA.1298534,resistant,resistant,sensitive,resistant,sensitive,resistant,resistant,resistant,resistant
DATA.1298537,resistant,resistant,resistant,sensitive,sensitive,resistant,resistant,sensitive,resistant
DATA.1298538,resistant,resistant,resistant,sensitive,resistant,sensitive,resistant,sensitive,sensitive
DATA.1298539,resistant,resistant,resistant,resistant,resistant,resistant,resistant,resistant,resistant
DATA.1299050,resistant,resistant,sensitive,sensitive,resistant,sensitive,resistant,sensitive,resistant
DATA.1299052,resistant,resistant,resistant,sensitive,resistant,sensitive,resistant,resistant,resistant
DATA.1299059,resistant,resistant,sensitive,resistant,resistant,sensitive,resistant,resistant,resistant
DATA.1299062,resistant,resistant,sensitive,resistant,resistant,resistant,resistant,resistant,resistant
DATA.1299064,resistant,resistant,resistant,sensitive,resistant,resistant,resistant,sensitive,resistant
DATA.1299070,resistant,resistant,resistant,resistant,resistant,resistant,resistant,resistant,resistant
DATA.1299075,resistant,resistant,sensitive,resistant,sensitive,resistant,resistant,sensitive,resistant
DATA.1299078,resistant,resistant,resistant,resistant,resistant,resistant,resistant,resistant,resistant
DATA.1299080,resistant,sensitive,sensitive,resistant,resistant,sensitive,resistant,sensitive,sensitive
DATA.1299081,resistant,resistant,sensitive,resistant,resistant,resistant,resistant,resistant,resistant
DATA.1303896,sensitive,resistant,sensitive,resistant,sensitive,sensitive,resistant,resistant,resistant
DATA.1303897,sensitive,resistant,resistant,resistant,resistant,resistant,resistant,resistant,resistant
DATA.1303900,resistant,resistant,sensitive,resistant,resistant,resistant,sensitive,sensitive,resistant
DATA.1303912,resistant,resistant,sensitive,resistant,resistant,resistant,resistant,resistant,resistant
DATA.1322212,resistant,resistant,resistant,resistant,resistant,resistant,resistant,resistant,resistant
DATA.1322218,sensitive,resistant,resistant,resistant,resistant,resistant,resistant,resistant,resistant
DATA.1322224,resistant,resistant,resistant,resistant,resistant,resistant,resistant,sensitive,resistant
DATA.1327766,resistant,resistant,sensitive,resistant,sensitive,resistant,resistant,resistant,resistant
DATA.1327769,resistant,resistant,sensitive,resistant,sensitive,resistant,resistant,sensitive,sensitive
DATA.1327771,sensitive,sensitive,sensitive,resistant,resistant,sensitive,resistant,resistant,sensitive
DATA.1327773,resistant,resistant,sensitive,resistant,resistant,resistant,resistant,resistant,resistant
DATA.1327774,sensitive,resistant,sensitive,resistant,resistant,resistant,resistant,resistant,resistant
DATA.1327775,resistant,resistant,sensitive,resistant,sensitive,resistant,resistant,sensitive,resistant
DATA.1330931,resistant,resistant,sensitive,resistant,resistant,resistant,resistant,resistant,resistant
DATA.1330933,sensitive,resistant,sensitive,resistant,sensitive,resistant,resistant,resistant,sensitive
DATA.1330935,resistant,resistant,sensitive,resistant,sensitive,resistant,resistant,resistant,resistant
DATA.1330941,resistant,resistant,sensitive,resistant,resistant,resistant,resistant,resistant,resistant
DATA.1330942,resistant,resistant,sensitive,resistant,resistant,resistant,resistant,resistant,resistant
DATA.1330947,sensitive,resistant,sensitive,resistant,sensitive,sensitive,resistant,sensitive,sensitive
DATA.1330950,resistant,sensitive,sensitive,resistant,sensitive,resistant,resistant,resistant,resistant
DATA.1330964,sensitive,resistant,resistant,resistant,resistant,resistant,resistant,sensitive,resistant
DATA.1330972,sensitive,resistant,sensitive,resistant,resistant,resistant,resistant,resistant,resistant
DATA.1330973,resistant,resistant,resistant,resistant,resistant,resistant,resistant,sensitive,resistant
DATA.1330983,resistant,resistant,sensitive,resistant,resistant,resistant,resistant,resistant,sensitive
DATA.1330985,sensitive,resistant,sensitive,resistant,sensitive,resistant,resistant,sensitive,sensitive
DATA.1330987,sensitive,resistant,sensitive,resistant,sensitive,sensitive,resistant,sensitive,resistant
DATA.1330993,resistant,resistant,resistant,resistant,resistant,resistant,resistant,sensitive,resistant
DATA.1330995,resistant,resistant,sensitive,resistant,resistant,resistant,resistant,sensitive,resistant
DATA.1331032,sensitive,resistant,sensitive,resistant,resistant,resistant,resistant,resistant,resistant
DATA.1331033,resistant,resistant,sensitive,resistant,sensitive,sensitive,resistant,sensitive,resistant
DATA.1331036,sensitive,resistant,sensitive,resistant,sensitive,sensitive,resistant,sensitive,resistant
DATA.1331037,resistant,sensitive,sensitive,resistant,sensitive,sensitive,resistant,sensitive,resistant
DATA.1331038,resistant,resistant,sensitive,resistant,resistant,resistant,resistant,resistant,resistant
DATA.1331039,sensitive,resistant,sensitive,resistant,resistant,resistant,resistant,sensitive,resistant
DATA.1331040,sensitive,resistant,sensitive,resistant,resistant,resistant,resistant,sensitive,resistant
DATA.1331045,resistant,resistant,sensitive,resistant,resistant,resistant,resistant,resistant,resistant
DATA.1331048,sensitive,resistant,resistant,resistant,sensitive,resistant,resistant,sensitive,resistant
DATA.1331049,sensitive,resistant,sensitive,resistant,resistant,resistant,resistant,resistant,resistant
DATA.1331050,resistant,resistant,resistant,resistant,resistant,resistant,resistant,sensitive,resistant
DATA.1479987,resistant,resistant,resistant,resistant,resistant,resistant,resistant,resistant,resistant
DATA.1479988,resistant,sensitive,sensitive,resistant,resistant,resistant,resistant,sensitive,sensitive
DATA.1480362,resistant,resistant,resistant,resistant,resistant,resistant,resistant,resistant,resistant
DATA.1480364,resistant,resistant,sensitive,sensitive,sensitive,sensitive,resistant,resistant,sensitive
DATA.1480371,resistant,resistant,resistant,resistant,resistant,resistant,resistant,resistant,resistant
DATA.1480372,resistant,resistant,resistant,resistant,resistant,resistant,resistant,sensitive,resistant
DATA.1503361,resistant,resistant,resistant,resistant,resistant,resistant,resistant,sensitive,resistant
DATA.1503362,resistant,resistant,resistant,resistant,resistant,resistant,resistant,resistant,sensitive
DATA.1503363,resistant,resistant,sensitive,sensitive,resistant,resistant,resistant,sensitive,resistant
DATA.1503364,resistant,resistant,sensitive,sensitive,resistant,sensitive,resistant,sensitive,resistant
DATA.1503365,resistant,resistant,resistant,sensitive,resistant,resistant,resistant,sensitive,sensitive
DATA.1503366,resistant,resistant,sensitive,resistant,resistant,resistant,resistant,resistant,resistant
DATA.1503367,resistant,resistant,sensitive,resistant,resistant,resistant,resistant,resistant,sensitive
DATA.1503368,resistant,resistant,sensitive,sensitive,resistant,resistant,resistant,resistant,resistant
DATA.1503370,resistant,resistant,resistant,resistant,sensitive,resistant,resistant,resistant,sensitive
DATA.1503371,resistant,resistant,sensitive,resistant,resistant,sensitive,resistant,resistant,resistant
DATA.1509073,resistant,resistant,resistant,resistant,resistant,resistant,resistant,resistant,resistant
DATA.1524416,resistant,resistant,resistant,resistant,resistant,resistant,resistant,resistant,resistant
DATA.1659818,resistant,resistant,sensitive,resistant,resistant,resistant,resistant,resistant,resistant
DATA.1659823,resistant,resistant,resistant,resistant,resistant,resistant,resistant,resistant,resistant
DATA.1659928,sensitive,resistant,sensitive,sensitive,resistant,resistant,resistant,resistant,resistant
DATA.1660034,resistant,resistant,resistant,resistant,resistant,resistant,resistant,sensitive,sensitive
DATA.1660035,resistant,resistant,sensitive,resistant,resistant,resistant,resistant,resistant,sensitive
DATA.1660036,resistant,resistant,resistant,resistant,resistant,resistant,resistant,resistant,resistant
DATA.1674021,resistant,resistant,sensitive,resistant,resistant,resistant,resistant,sensitive,resistant
